entity_id,state,datetime,current_temperature,hvac_action,target_temp_high,target_temp_low,temperature
climate.eve_thermo_20ebp1701_thermostat_3,heat,2024-11-29T05:16:10.704Z,16.0,,,,17.5
climate.eve_thermo_20ebp1701_thermostat_3,heat,2024-11-29T05:23:10.723Z,17.0,,,,17.5
climate.eve_thermo_20ebp1701_thermostat_3,heat,2024-11-29T05:30:10.743Z,18.0,,,,17.5
climate.eve_thermo_20ebp1701_thermostat_3,heat,2024-11-29T05:39:10.771Z,19.0,,,,17.5
climate.eve_thermo_20ebp1701_thermostat_3,heat,2024-11-29T05:49:10.803Z,20.0,,,,17.5
climate.eve_thermo_20ebp1701_thermostat_3,heat,2024-11-29T07:31:11.106Z,19.0,,,,17.5
climate.eve_thermo_20ebp1701_thermostat_3,heat,2024-11-29T08:24:11.265Z,18.0,,,,17.5
climate.eve_thermo_20ebp1701_thermostat_3,heat,2024-11-29T08:31:19.055Z,18.0,,,,21.5
climate.eve_thermo_20ebp1701_thermostat_3,heat,2024-11-29T08:34:06.240Z,18.0,,,,17.5
climate.eve_thermo_20ebp1701_thermostat_3,heat,2024-11-29T08:34:07.491Z,18.5,,,,17.5
climate.eve_thermo_20ebp1701_thermostat_3,heat,2024-11-29T08:40:11.316Z,19.0,,,,17.5
climate.eve_thermo_20ebp1701_thermostat_3,heat,2024-11-29T10:06:29.303Z,18.5,,,,17.5
climate.eve_thermo_20ebp1701_thermostat_3,heat,2024-11-29T10:35:11.670Z,18.0,,,,17.5
climate.eve_thermo_20ebp1701_thermostat_3,heat,2024-11-29T11:01:11.736Z,19.0,,,,17.5
climate.eve_thermo_20ebp1701_thermostat_3,heat,2024-11-29T11:31:11.828Z,18.0,,,,17.5
climate.eve_thermo_20ebp1701_thermostat_3,heat,2024-11-29T11:47:42.066Z,18.0,,,,21.5
climate.eve_thermo_20ebp1701_thermostat_3,heat,2024-11-29T11:47:43.269Z,18.5,,,,21.5
climate.eve_thermo_20ebp1701_thermostat_3,heat,2024-11-29T11:51:39.351Z,18.5,,,,17.5
climate.eve_thermo_20ebp1701_thermostat_3,heat,2024-11-29T11:51:40.881Z,19.0,,,,17.5
climate.eve_thermo_20ebp1701_thermostat_3,heat,2024-11-29T12:08:11.945Z,20.0,,,,17.5
climate.eve_thermo_20ebp1701_thermostat_3,heat,2024-11-29T12:34:12.002Z,19.0,,,,17.5
climate.eve_thermo_20ebp1701_thermostat_3,heat,2024-11-29T12:59:12.089Z,18.0,,,,17.5
climate.eve_thermo_20ebp1701_thermostat_3,heat,2024-11-29T15:19:52.300Z,18.0,,,,21.5
climate.eve_thermo_20ebp1701_thermostat_3,heat,2024-11-29T15:20:39.027Z,18.0,,,,22.5
climate.eve_thermo_20ebp1701_thermostat_3,heat,2024-11-29T15:29:12.545Z,19.0,,,,22.5
climate.eve_thermo_20ebp1701_thermostat_3,heat,2024-11-29T15:36:12.569Z,20.0,,,,22.5
climate.eve_thermo_20ebp1701_thermostat_3,heat,2024-11-29T15:43:12.586Z,21.0,,,,22.5
climate.eve_thermo_20ebp1701_thermostat_3,heat,2024-11-29T15:55:12.627Z,22.0,,,,22.5
climate.eve_thermo_20ebp1701_thermostat_3,heat,2024-11-29T16:01:36.212Z,22.0,,,,17.5
climate.eve_thermo_20ebp1701_thermostat_3,heat,2024-11-29T16:01:37.413Z,22.5,,,,17.5
climate.eve_thermo_20ebp1701_thermostat_3,heat,2024-11-29T16:02:41.141Z,22.5,,,,21.5
climate.eve_thermo_20ebp1701_thermostat_3,heat,2024-11-29T16:04:33.193Z,22.5,,,,17.5
climate.eve_thermo_20ebp1701_thermostat_3,heat,2024-11-29T16:43:12.750Z,21.0,,,,17.5
climate.eve_thermo_20ebp1701_thermostat_3,off,2024-11-29T16:48:04.333Z,21.0,,,,17.5
climate.eve_thermo_20ebp1701_thermostat_3,off,2024-11-29T16:54:12.784Z,20.0,,,,17.5
climate.eve_thermo_20ebp1701_thermostat_3,off,2024-11-29T17:13:12.839Z,19.0,,,,17.5
climate.eve_thermo_20ebp1701_thermostat_3,off,2024-11-29T17:37:12.912Z,18.0,,,,17.5
climate.eve_thermo_20ebp1701_thermostat_3,off,2024-11-29T18:12:13.023Z,17.0,,,,17.5
climate.eve_thermo_20ebp1701_thermostat_3,off,2024-11-29T19:03:13.179Z,16.0,,,,17.5
climate.eve_thermo_20ebp1701_thermostat_3,off,2024-11-29T20:55:13.526Z,15.0,,,,17.5
climate.eve_thermo_20ebp1701_thermostat_3,heat,2024-11-29T21:34:35.348Z,15.0,,,,17.5
climate.eve_thermo_20ebp1701_thermostat_3,heat,2024-11-29T21:34:35.935Z,15.0,,,,21.5
climate.eve_thermo_20ebp1701_thermostat_3,heat,2024-11-29T21:36:33.427Z,15.0,,,,17.5
climate.eve_thermo_20ebp1701_thermostat_3,heat,2024-11-30T04:29:14.958Z,14.0,,,,17.5
climate.eve_thermo_20ebp1701_thermostat_3,heat,2024-11-30T05:07:15.077Z,15.0,,,,17.5
climate.eve_thermo_20ebp1701_thermostat_3,heat,2024-11-30T05:13:15.099Z,16.0,,,,17.5
climate.eve_thermo_20ebp1701_thermostat_3,heat,2024-11-30T05:18:15.112Z,17.0,,,,17.5
climate.eve_thermo_20ebp1701_thermostat_3,heat,2024-11-30T05:24:15.126Z,18.0,,,,17.5
climate.eve_thermo_20ebp1701_thermostat_3,heat,2024-11-30T05:33:15.182Z,19.0,,,,17.5
climate.eve_thermo_20ebp1701_thermostat_3,heat,2024-11-30T05:44:15.186Z,20.0,,,,17.5
climate.eve_thermo_20ebp1701_thermostat_3,heat,2024-11-30T07:14:15.457Z,19.0,,,,17.5
climate.eve_thermo_20ebp1701_thermostat_3,heat,2024-11-30T08:11:15.628Z,18.0,,,,17.5
climate.eve_thermo_20ebp1701_thermostat_3,heat,2024-11-30T08:43:10.108Z,18.0,,,,21.5
climate.eve_thermo_20ebp1701_thermostat_3,heat,2024-11-30T08:43:11.241Z,18.5,,,,21.5
climate.eve_thermo_20ebp1701_thermostat_3,heat,2024-11-30T08:45:54.849Z,18.5,,,,17.5
climate.eve_thermo_20ebp1701_thermostat_3,off,2024-11-30T09:06:29.457Z,18.5,,,,17.5
climate.eve_thermo_20ebp1701_thermostat_3,off,2024-11-30T09:59:15.948Z,17.0,,,,17.5
climate.eve_thermo_20ebp1701_thermostat_3,off,2024-11-30T10:26:16.020Z,16.0,,,,17.5
climate.eve_thermo_20ebp1701_thermostat_3,off,2024-11-30T11:21:16.210Z,15.0,,,,17.5
climate.eve_thermo_20ebp1701_thermostat_3,off,2024-11-30T13:45:25.117Z,14.5,,,,17.5
climate.eve_thermo_20ebp1701_thermostat_3,heat,2024-11-30T13:45:25.119Z,14.5,,,,17.5
climate.eve_thermo_20ebp1701_thermostat_3,heat,2024-11-30T13:45:25.541Z,14.5,,,,21.5
climate.eve_thermo_20ebp1701_thermostat_3,heat,2024-11-30T13:58:16.697Z,16.0,,,,21.5
climate.eve_thermo_20ebp1701_thermostat_3,heat,2024-11-30T14:04:16.718Z,17.0,,,,21.5
climate.eve_thermo_20ebp1701_thermostat_3,heat,2024-11-30T14:10:16.735Z,18.0,,,,21.5
climate.eve_thermo_20ebp1701_thermostat_3,heat,2024-11-30T14:19:16.759Z,19.0,,,,21.5
climate.eve_thermo_20ebp1701_thermostat_3,heat,2024-11-30T14:26:16.783Z,20.0,,,,21.5
climate.eve_thermo_20ebp1701_thermostat_3,heat,2024-11-30T14:35:16.815Z,21.0,,,,21.5
climate.eve_thermo_20ebp1701_thermostat_3,heat,2024-11-30T14:46:16.842Z,22.0,,,,21.5
climate.eve_thermo_20ebp1701_thermostat_3,heat,2024-11-30T14:51:29.210Z,22.0,,,,17.5
climate.eve_thermo_20ebp1701_thermostat_3,heat,2024-11-30T14:53:56.860Z,22.0,,,,21.5
climate.eve_thermo_20ebp1701_thermostat_3,heat,2024-11-30T14:56:26.420Z,22.0,,,,21.5
climate.eve_thermo_20ebp1701_thermostat_3,heat,2024-11-30T15:31:44.717Z,22.0,,,,21.5
climate.eve_thermo_20ebp1701_thermostat_3,heat,2024-11-30T15:33:19.696Z,22.0,,,,17.5
climate.eve_thermo_20ebp1701_thermostat_3,heat,2024-11-30T15:33:26.823Z,22.5,,,,17.5
climate.eve_thermo_20ebp1701_thermostat_3,heat,2024-11-30T15:33:26.825Z,22.5,,,,21.5
climate.eve_thermo_20ebp1701_thermostat_3,heat,2024-11-30T16:04:31.787Z,22.5,,,,17.5
climate.eve_thermo_20ebp1701_thermostat_3,heat,2024-11-30T16:04:50.486Z,22.0,,,,17.5
climate.eve_thermo_20ebp1701_thermostat_3,heat,2024-11-30T16:05:46.235Z,22.0,,,,21.5
climate.eve_thermo_20ebp1701_thermostat_3,heat,2024-11-30T16:08:22.879Z,22.0,,,,17.5
climate.eve_thermo_20ebp1701_thermostat_3,heat,2024-11-30T16:26:51.589Z,22.0,,,,21.5
climate.eve_thermo_20ebp1701_thermostat_3,heat,2024-11-30T16:26:52.537Z,21.5,,,,21.5
climate.eve_thermo_20ebp1701_thermostat_3,heat,2024-11-30T17:22:12.574Z,21.5,,,,17.5
climate.eve_thermo_20ebp1701_thermostat_3,heat,2024-11-30T17:22:13.831Z,22.0,,,,17.5
climate.eve_thermo_20ebp1701_thermostat_3,heat,2024-11-30T17:36:48.683Z,22.0,,,,21.5
climate.eve_thermo_20ebp1701_thermostat_3,heat,2024-11-30T17:36:49.437Z,21.5,,,,21.5
climate.eve_thermo_20ebp1701_thermostat_3,heat,2024-11-30T17:42:43.575Z,21.5,,,,21.5
climate.eve_thermo_20ebp1701_thermostat_3,heat,2024-11-30T17:50:23.317Z,21.5,,,,21.5
climate.eve_thermo_20ebp1701_thermostat_3,heat,2024-11-30T20:11:42.084Z,21.5,,,,17.5
climate.eve_thermo_20ebp1701_thermostat_3,heat,2024-11-30T20:11:43.272Z,22.5,,,,17.5
climate.eve_thermo_20ebp1701_thermostat_3,heat,2024-11-30T20:12:18.630Z,22.5,,,,21.5
climate.eve_thermo_20ebp1701_thermostat_3,heat,2024-11-30T20:22:20.760Z,22.5,,,,17.5
climate.eve_thermo_20ebp1701_thermostat_3,heat,2024-11-30T20:23:26.046Z,22.5,,,,21.5
climate.eve_thermo_20ebp1701_thermostat_3,heat,2024-11-30T21:07:18.993Z,22.5,,,,17.5
climate.eve_thermo_20ebp1701_thermostat_3,heat,2024-11-30T21:38:18.067Z,21.0,,,,17.5
climate.eve_thermo_20ebp1701_thermostat_3,heat,2024-11-30T21:54:18.120Z,20.0,,,,17.5
climate.eve_thermo_20ebp1701_thermostat_3,heat,2024-11-30T22:15:09.598Z,20.0,,,,21.5
climate.eve_thermo_20ebp1701_thermostat_3,heat,2024-11-30T22:15:10.663Z,19.5,,,,21.5
climate.eve_thermo_20ebp1701_thermostat_3,heat,2024-11-30T22:16:16.663Z,19.5,,,,17.5
climate.eve_thermo_20ebp1701_thermostat_3,heat,2024-11-30T22:16:52.432Z,19.5,,,,21.5
climate.eve_thermo_20ebp1701_thermostat_3,heat,2024-11-30T22:17:59.597Z,19.5,,,,17.5
climate.eve_thermo_20ebp1701_thermostat_3,heat,2024-11-30T22:18:04.979Z,19.5,,,,21.5
climate.eve_thermo_20ebp1701_thermostat_3,heat,2024-11-30T22:19:12.040Z,19.5,,,,17.5
climate.eve_thermo_20ebp1701_thermostat_3,heat,2024-11-30T22:40:18.268Z,19.0,,,,17.5
climate.eve_thermo_20ebp1701_thermostat_3,heat,2024-11-30T23:17:18.391Z,18.0,,,,17.5
climate.eve_thermo_20ebp1701_thermostat_3,heat,2024-12-01T00:42:18.659Z,19.0,,,,17.5
climate.eve_thermo_20ebp1701_thermostat_3,heat,2024-12-01T01:33:18.818Z,18.0,,,,17.5
climate.eve_thermo_20ebp1701_thermostat_3,heat,2024-12-01T01:55:18.900Z,19.0,,,,17.5
climate.eve_thermo_20ebp1701_thermostat_3,heat,2024-12-01T02:36:18.999Z,18.0,,,,17.5
climate.eve_thermo_20ebp1701_thermostat_3,heat,2024-12-01T02:56:19.044Z,19.0,,,,17.5
climate.eve_thermo_20ebp1701_thermostat_3,heat,2024-12-01T03:47:19.251Z,18.0,,,,17.5
climate.eve_thermo_20ebp1701_thermostat_3,heat,2024-12-01T04:13:19.297Z,19.0,,,,17.5
climate.eve_thermo_20ebp1701_thermostat_3,heat,2024-12-01T04:59:19.447Z,18.0,,,,17.5
climate.eve_thermo_20ebp1701_thermostat_3,heat,2024-12-01T06:24:19.694Z,19.0,,,,17.5
climate.eve_thermo_20ebp1701_thermostat_3,heat,2024-12-01T07:05:19.820Z,18.0,,,,17.5
climate.eve_thermo_20ebp1701_thermostat_3,heat,2024-12-01T07:32:19.895Z,19.0,,,,17.5
climate.eve_thermo_20ebp1701_thermostat_3,heat,2024-12-01T08:08:19.997Z,18.0,,,,17.5
climate.eve_thermo_20ebp1701_thermostat_3,heat,2024-12-01T08:34:20.079Z,19.0,,,,17.5
climate.eve_thermo_20ebp1701_thermostat_3,off,2024-12-01T08:37:11.909Z,19.0,,,,17.5
climate.eve_thermo_20ebp1701_thermostat_3,off,2024-12-01T09:31:20.216Z,18.0,,,,17.5
climate.eve_thermo_20ebp1701_thermostat_3,off,2024-12-01T09:56:20.292Z,17.0,,,,17.5
climate.eve_thermo_20ebp1701_thermostat_3,off,2024-12-01T10:25:20.395Z,16.0,,,,17.5
climate.eve_thermo_20ebp1701_thermostat_3,off,2024-12-01T11:26:20.572Z,15.0,,,,17.5
climate.eve_thermo_20ebp1701_thermostat_3,heat,2024-12-01T12:00:24.225Z,15.0,,,,17.5
climate.eve_thermo_20ebp1701_thermostat_3,heat,2024-12-01T12:00:24.765Z,15.0,,,,21.5
climate.eve_thermo_20ebp1701_thermostat_3,heat,2024-12-01T12:02:16.075Z,15.0,,,,17.5
climate.eve_thermo_20ebp1701_thermostat_3,heat,2024-12-01T12:03:08.284Z,15.0,,,,21.5
climate.eve_thermo_20ebp1701_thermostat_3,heat,2024-12-01T12:09:20.715Z,16.0,,,,21.5
climate.eve_thermo_20ebp1701_thermostat_3,heat,2024-12-01T12:14:20.775Z,17.0,,,,21.5
climate.eve_thermo_20ebp1701_thermostat_3,heat,2024-12-01T12:14:30.546Z,17.0,,,,30.0
climate.eve_thermo_20ebp1701_thermostat_3,heat,2024-12-01T12:16:44.357Z,17.5,,,,30.0
climate.eve_thermo_20ebp1701_thermostat_3,heat,2024-12-01T12:18:17.408Z,17.5,,,,17.5
climate.eve_thermo_20ebp1701_thermostat_3,heat,2024-12-01T12:18:18.851Z,18.0,,,,17.5
climate.eve_thermo_20ebp1701_thermostat_3,heat,2024-12-01T12:25:20.803Z,19.0,,,,17.5
climate.eve_thermo_20ebp1701_thermostat_3,heat,2024-12-01T12:30:25.034Z,19.0,,,,21.5
climate.eve_thermo_20ebp1701_thermostat_3,heat,2024-12-01T12:30:26.213Z,19.5,,,,21.5
climate.eve_thermo_20ebp1701_thermostat_3,heat,2024-12-01T12:33:06.977Z,19.5,,,,17.5
climate.eve_thermo_20ebp1701_thermostat_3,heat,2024-12-01T12:37:20.796Z,20.0,,,,17.5
climate.eve_thermo_20ebp1701_thermostat_3,heat,2024-12-01T13:14:14.265Z,20.0,,,,21.5
climate.eve_thermo_20ebp1701_thermostat_3,heat,2024-12-01T13:16:14.328Z,20.0,,,,17.5
climate.eve_thermo_20ebp1701_thermostat_3,heat,2024-12-01T13:20:48.715Z,20.0,,,,21.5
climate.eve_thermo_20ebp1701_thermostat_3,heat,2024-12-01T13:22:58.947Z,20.0,,,,17.5
climate.eve_thermo_20ebp1701_thermostat_3,heat,2024-12-01T13:23:41.673Z,20.0,,,,21.5
climate.eve_thermo_20ebp1701_thermostat_3,heat,2024-12-01T13:29:10.194Z,20.0,,,,17.5
climate.eve_thermo_20ebp1701_thermostat_3,heat,2024-12-01T13:29:11.444Z,20.5,,,,17.5
climate.eve_thermo_20ebp1701_thermostat_3,off,2024-12-01T13:34:28.568Z,20.5,,,,17.5
climate.eve_thermo_20ebp1701_thermostat_3,off,2024-12-01T13:37:20.990Z,21.0,,,,17.5
climate.eve_thermo_20ebp1701_thermostat_3,off,2024-12-01T14:02:21.042Z,20.0,,,,17.5
climate.eve_thermo_20ebp1701_thermostat_3,off,2024-12-01T14:24:21.112Z,19.0,,,,17.5
climate.eve_thermo_20ebp1701_thermostat_3,off,2024-12-01T14:45:21.171Z,18.0,,,,17.5
climate.eve_thermo_20ebp1701_thermostat_3,off,2024-12-01T15:17:21.277Z,17.0,,,,17.5
climate.eve_thermo_20ebp1701_thermostat_3,off,2024-12-01T16:08:21.442Z,16.0,,,,17.5
climate.eve_thermo_20ebp1701_thermostat_3,off,2024-12-01T16:49:34.039Z,15.5,,,,17.5
climate.eve_thermo_20ebp1701_thermostat_3,heat,2024-12-01T16:49:34.040Z,15.5,,,,17.5
climate.eve_thermo_20ebp1701_thermostat_3,heat,2024-12-01T16:49:34.532Z,15.5,,,,21.5
climate.eve_thermo_20ebp1701_thermostat_3,heat,2024-12-01T16:51:27.519Z,15.5,,,,17.5
climate.eve_thermo_20ebp1701_thermostat_3,heat,2024-12-01T16:56:13.188Z,15.5,,,,21.5
climate.eve_thermo_20ebp1701_thermostat_3,heat,2024-12-01T16:58:08.689Z,15.5,,,,17.5
climate.eve_thermo_20ebp1701_thermostat_3,heat,2024-12-01T16:58:09.896Z,16.0,,,,17.5
climate.eve_thermo_20ebp1701_thermostat_3,heat,2024-12-01T17:02:21.652Z,17.0,,,,17.5
climate.eve_thermo_20ebp1701_thermostat_3,heat,2024-12-01T17:08:21.685Z,18.0,,,,17.5
climate.eve_thermo_20ebp1701_thermostat_3,heat,2024-12-01T17:14:33.294Z,18.0,,,,21.5
climate.eve_thermo_20ebp1701_thermostat_3,heat,2024-12-01T17:14:34.489Z,18.5,,,,21.5
climate.eve_thermo_20ebp1701_thermostat_3,heat,2024-12-01T17:15:21.647Z,19.0,,,,21.5
climate.eve_thermo_20ebp1701_thermostat_3,heat,2024-12-01T17:17:50.189Z,19.0,,,,17.5
climate.eve_thermo_20ebp1701_thermostat_3,heat,2024-12-01T17:25:21.725Z,20.0,,,,17.5
climate.eve_thermo_20ebp1701_thermostat_3,off,2024-12-01T17:28:05.377Z,20.0,,,,17.5
climate.eve_thermo_20ebp1701_thermostat_3,off,2024-12-01T18:14:21.809Z,19.0,,,,17.5
climate.eve_thermo_20ebp1701_thermostat_3,off,2024-12-01T18:38:21.888Z,18.0,,,,17.5
climate.eve_thermo_20ebp1701_thermostat_3,off,2024-12-01T19:07:22.064Z,17.0,,,,17.5
climate.eve_thermo_20ebp1701_thermostat_3,heat,2024-12-01T19:19:54.920Z,17.0,,,,17.5
climate.eve_thermo_20ebp1701_thermostat_3,heat,2024-12-01T19:19:55.398Z,17.0,,,,21.5
climate.eve_thermo_20ebp1701_thermostat_3,heat,2024-12-01T19:30:22.197Z,18.0,,,,21.5
climate.eve_thermo_20ebp1701_thermostat_3,heat,2024-12-01T19:36:22.240Z,19.0,,,,21.5
climate.eve_thermo_20ebp1701_thermostat_3,heat,2024-12-01T19:42:22.172Z,20.0,,,,21.5
climate.eve_thermo_20ebp1701_thermostat_3,heat,2024-12-01T19:49:16.287Z,20.0,,,,21.5
climate.eve_thermo_20ebp1701_thermostat_3,heat,2024-12-01T19:51:22.172Z,21.0,,,,21.5
climate.eve_thermo_20ebp1701_thermostat_3,heat,2024-12-01T20:02:22.204Z,22.0,,,,21.5
climate.eve_thermo_20ebp1701_thermostat_3,heat,2024-12-01T20:13:22.282Z,23.0,,,,21.5
climate.eve_thermo_20ebp1701_thermostat_3,heat,2024-12-01T20:25:15.129Z,23.0,,,,17.5
climate.eve_thermo_20ebp1701_thermostat_3,off,2024-12-01T20:36:14.646Z,23.0,,,,17.5
climate.eve_thermo_20ebp1701_thermostat_3,off,2024-12-01T20:46:22.333Z,22.0,,,,17.5
climate.eve_thermo_20ebp1701_thermostat_3,off,2024-12-01T20:59:22.372Z,21.0,,,,17.5
climate.eve_thermo_20ebp1701_thermostat_3,off,2024-12-01T21:13:22.358Z,20.0,,,,17.5
climate.eve_thermo_20ebp1701_thermostat_3,off,2024-12-01T21:31:22.417Z,19.0,,,,17.5
climate.eve_thermo_20ebp1701_thermostat_3,off,2024-12-01T21:55:22.466Z,18.0,,,,17.5
climate.eve_thermo_20ebp1701_thermostat_3,off,2024-12-01T22:31:22.578Z,17.0,,,,17.5
climate.eve_thermo_20ebp1701_thermostat_3,off,2024-12-01T23:20:22.738Z,16.0,,,,17.5
climate.eve_thermo_20ebp1701_thermostat_3,off,2024-12-02T01:32:23.137Z,15.0,,,,17.5
climate.eve_thermo_20ebp1701_thermostat_3,off,2024-12-02T05:42:23.928Z,14.0,,,,17.5
climate.eve_thermo_20ebp1701_thermostat_3,off,2024-12-02T08:08:51.340Z,14.5,,,,17.5
climate.eve_thermo_20ebp1701_thermostat_3,heat,2024-12-02T08:08:51.341Z,14.5,,,,17.5
climate.eve_thermo_20ebp1701_thermostat_3,heat,2024-12-02T08:08:51.760Z,14.5,,,,21.5
climate.eve_thermo_20ebp1701_thermostat_3,heat,2024-12-02T08:10:08.666Z,14.5,,,,17.5
climate.eve_thermo_20ebp1701_thermostat_3,heat,2024-12-02T08:15:24.422Z,15.0,,,,17.5
climate.eve_thermo_20ebp1701_thermostat_3,heat,2024-12-02T08:19:32.970Z,15.5,,,,17.5
climate.eve_thermo_20ebp1701_thermostat_3,off,2024-12-02T08:19:32.972Z,15.5,,,,17.5
climate.eve_thermo_20ebp1701_thermostat_3,off,2024-12-02T08:21:24.434Z,16.0,,,,17.5
climate.eve_thermo_20ebp1701_thermostat_3,off,2024-12-02T08:28:24.501Z,17.0,,,,17.5
climate.eve_thermo_20ebp1701_thermostat_3,off,2024-12-02T08:45:24.503Z,18.0,,,,17.5
climate.eve_thermo_20ebp1701_thermostat_3,heat,2024-12-02T08:51:05.511Z,18.0,,,,17.5
climate.eve_thermo_20ebp1701_thermostat_3,heat,2024-12-02T08:51:05.743Z,18.0,,,,21.5
climate.eve_thermo_20ebp1701_thermostat_3,heat,2024-12-02T08:53:12.810Z,18.0,,,,17.5
climate.eve_thermo_20ebp1701_thermostat_3,heat,2024-12-02T08:55:11.406Z,18.0,,,,21.5
climate.eve_thermo_20ebp1701_thermostat_3,heat,2024-12-02T08:57:18.671Z,18.0,,,,17.5
climate.eve_thermo_20ebp1701_thermostat_3,heat,2024-12-02T09:00:35.271Z,18.0,,,,21.5
climate.eve_thermo_20ebp1701_thermostat_3,heat,2024-12-02T09:00:36.419Z,18.5,,,,21.5
climate.eve_thermo_20ebp1701_thermostat_3,heat,2024-12-02T09:04:24.617Z,19.0,,,,21.5
climate.eve_thermo_20ebp1701_thermostat_3,heat,2024-12-02T09:15:24.621Z,20.0,,,,21.5
climate.eve_thermo_20ebp1701_thermostat_3,heat,2024-12-02T09:32:24.836Z,21.0,,,,21.5
climate.eve_thermo_20ebp1701_thermostat_3,heat,2024-12-02T10:02:24.781Z,22.0,,,,21.5
climate.eve_thermo_20ebp1701_thermostat_3,heat,2024-12-02T10:34:24.857Z,23.0,,,,21.5
climate.eve_thermo_20ebp1701_thermostat_3,heat,2024-12-02T11:26:09.435Z,23.0,,,,17.5
climate.eve_thermo_20ebp1701_thermostat_3,heat,2024-12-02T11:26:10.701Z,22.5,,,,17.5
climate.eve_thermo_20ebp1701_thermostat_3,heat,2024-12-02T11:31:25.008Z,22.0,,,,17.5
climate.eve_thermo_20ebp1701_thermostat_3,heat,2024-12-02T11:46:23.535Z,22.0,,,,21.5
climate.eve_thermo_20ebp1701_thermostat_3,heat,2024-12-02T11:46:30.229Z,21.5,,,,21.5
climate.eve_thermo_20ebp1701_thermostat_3,heat,2024-12-02T12:09:03.543Z,21.5,,,,17.5
climate.eve_thermo_20ebp1701_thermostat_3,heat,2024-12-02T12:09:04.703Z,22.5,,,,17.5
climate.eve_thermo_20ebp1701_thermostat_3,heat,2024-12-02T12:15:30.853Z,22.5,,,,21.5
climate.eve_thermo_20ebp1701_thermostat_3,heat,2024-12-02T12:41:40.992Z,22.5,,,,17.5
climate.eve_thermo_20ebp1701_thermostat_3,heat,2024-12-02T12:41:42.108Z,22.0,,,,17.5
climate.eve_thermo_20ebp1701_thermostat_3,heat,2024-12-02T12:41:52.585Z,22.0,,,,21.5
climate.eve_thermo_20ebp1701_thermostat_3,heat,2024-12-02T13:17:39.684Z,22.0,,,,17.5
climate.eve_thermo_20ebp1701_thermostat_3,heat,2024-12-02T13:17:40.951Z,22.5,,,,17.5
climate.eve_thermo_20ebp1701_thermostat_3,heat,2024-12-02T13:35:04.476Z,22.5,,,,21.5
climate.eve_thermo_20ebp1701_thermostat_3,heat,2024-12-02T13:35:05.510Z,21.5,,,,21.5
climate.eve_thermo_20ebp1701_thermostat_3,heat,2024-12-02T13:37:14.195Z,21.5,,,,17.5
climate.eve_thermo_20ebp1701_thermostat_3,heat,2024-12-02T13:40:13.977Z,21.5,,,,21.5
climate.eve_thermo_20ebp1701_thermostat_3,heat,2024-12-02T13:56:41.538Z,21.5,,,,17.5
climate.eve_thermo_20ebp1701_thermostat_3,heat,2024-12-02T13:56:42.782Z,22.5,,,,17.5
climate.eve_thermo_20ebp1701_thermostat_3,heat,2024-12-02T14:02:43.698Z,22.5,,,,21.5
climate.eve_thermo_20ebp1701_thermostat_3,heat,2024-12-02T14:04:38.340Z,22.5,,,,17.5
climate.eve_thermo_20ebp1701_thermostat_3,heat,2024-12-02T14:25:08.451Z,22.5,,,,21.5
climate.eve_thermo_20ebp1701_thermostat_3,heat,2024-12-02T14:25:09.550Z,21.5,,,,21.5
climate.eve_thermo_20ebp1701_thermostat_3,heat,2024-12-02T14:27:28.257Z,21.5,,,,17.5
climate.eve_thermo_20ebp1701_thermostat_3,off,2024-12-02T14:33:05.767Z,21.5,,,,17.5
climate.eve_thermo_20ebp1701_thermostat_3,off,2024-12-02T14:54:25.594Z,21.0,,,,17.5
climate.eve_thermo_20ebp1701_thermostat_3,off,2024-12-02T15:15:25.652Z,20.0,,,,17.5
climate.eve_thermo_20ebp1701_thermostat_3,off,2024-12-02T15:40:25.723Z,19.0,,,,17.5
climate.eve_thermo_20ebp1701_thermostat_3,off,2024-12-02T16:06:25.817Z,18.0,,,,17.5
climate.eve_thermo_20ebp1701_thermostat_3,off,2024-12-02T16:55:25.971Z,17.0,,,,17.5
climate.eve_thermo_20ebp1701_thermostat_3,off,2024-12-02T18:38:26.270Z,16.0,,,,17.5
climate.eve_thermo_20ebp1701_thermostat_3,heat,2024-12-02T19:34:41.444Z,16.0,,,,17.5
climate.eve_thermo_20ebp1701_thermostat_3,heat,2024-12-02T19:34:41.744Z,16.0,,,,21.5
climate.eve_thermo_20ebp1701_thermostat_3,heat,2024-12-02T19:35:56.338Z,16.0,,,,17.5
climate.eve_thermo_20ebp1701_thermostat_3,off,2024-12-02T19:39:16.270Z,16.0,,,,17.5
climate.eve_thermo_20ebp1701_thermostat_3,off,2024-12-02T23:11:27.084Z,15.0,,,,17.5
climate.eve_thermo_20ebp1701_thermostat_3,heat,2024-12-03T09:49:13.152Z,15.0,,,,17.5
climate.eve_thermo_20ebp1701_thermostat_3,heat,2024-12-03T09:49:13.674Z,15.0,,,,21.5
climate.eve_thermo_20ebp1701_thermostat_3,heat,2024-12-03T09:59:29.114Z,16.0,,,,21.5
climate.eve_thermo_20ebp1701_thermostat_3,heat,2024-12-03T10:06:29.155Z,17.0,,,,21.5
climate.eve_thermo_20ebp1701_thermostat_3,heat,2024-12-03T10:13:29.171Z,18.0,,,,21.5
climate.eve_thermo_20ebp1701_thermostat_3,heat,2024-12-03T10:22:29.313Z,19.0,,,,21.5
climate.eve_thermo_20ebp1701_thermostat_3,heat,2024-12-03T10:33:29.230Z,20.0,,,,21.5
climate.eve_thermo_20ebp1701_thermostat_3,heat,2024-12-03T10:46:29.296Z,21.0,,,,21.5
climate.eve_thermo_20ebp1701_thermostat_3,heat,2024-12-03T10:52:46.612Z,21.0,,,,17.5
climate.eve_thermo_20ebp1701_thermostat_3,heat,2024-12-03T11:20:26.463Z,21.0,,,,21.5
climate.eve_thermo_20ebp1701_thermostat_3,heat,2024-12-03T11:22:21.876Z,21.0,,,,17.5
climate.eve_thermo_20ebp1701_thermostat_3,heat,2024-12-03T11:50:13.372Z,21.0,,,,21.5
climate.eve_thermo_20ebp1701_thermostat_3,heat,2024-12-03T11:50:13.696Z,20.5,,,,21.5
climate.eve_thermo_20ebp1701_thermostat_3,heat,2024-12-03T11:52:29.475Z,20.0,,,,21.5
climate.eve_thermo_20ebp1701_thermostat_3,heat,2024-12-03T11:54:36.095Z,20.0,,,,17.5
climate.eve_thermo_20ebp1701_thermostat_3,heat,2024-12-03T11:55:18.561Z,20.0,,,,21.5
climate.eve_thermo_20ebp1701_thermostat_3,heat,2024-12-03T11:57:02.977Z,20.0,,,,17.5
climate.eve_thermo_20ebp1701_thermostat_3,heat,2024-12-03T12:05:18.206Z,20.0,,,,21.5
climate.eve_thermo_20ebp1701_thermostat_3,heat,2024-12-03T12:05:19.382Z,20.5,,,,21.5
climate.eve_thermo_20ebp1701_thermostat_3,heat,2024-12-03T12:06:29.898Z,20.5,,,,17.5
climate.eve_thermo_20ebp1701_thermostat_3,heat,2024-12-03T12:08:51.558Z,20.5,,,,21.5
climate.eve_thermo_20ebp1701_thermostat_3,heat,2024-12-03T12:13:35.597Z,21.0,,,,21.5
climate.eve_thermo_20ebp1701_thermostat_3,heat,2024-12-03T12:13:47.752Z,21.0,,,,17.5
climate.eve_thermo_20ebp1701_thermostat_3,heat,2024-12-03T12:29:17.759Z,21.0,,,,21.5
climate.eve_thermo_20ebp1701_thermostat_3,heat,2024-12-03T12:35:39.057Z,21.0,,,,17.5
climate.eve_thermo_20ebp1701_thermostat_3,heat,2024-12-03T12:35:39.378Z,21.5,,,,17.5
climate.eve_thermo_20ebp1701_thermostat_3,off,2024-12-03T12:52:51.079Z,21.5,,,,17.5
climate.eve_thermo_20ebp1701_thermostat_3,off,2024-12-03T13:19:29.840Z,20.0,,,,17.5
climate.eve_thermo_20ebp1701_thermostat_3,off,2024-12-03T13:46:29.796Z,19.0,,,,17.5
climate.eve_thermo_20ebp1701_thermostat_3,heat,2024-12-03T13:51:06.039Z,19.0,,,,17.5
climate.eve_thermo_20ebp1701_thermostat_3,heat,2024-12-03T13:51:06.996Z,19.0,,,,21.5
climate.eve_thermo_20ebp1701_thermostat_3,heat,2024-12-03T13:53:51.395Z,19.0,,,,17.5
climate.eve_thermo_20ebp1701_thermostat_3,heat,2024-12-03T13:54:51.929Z,19.0,,,,21.5
climate.eve_thermo_20ebp1701_thermostat_3,heat,2024-12-03T13:56:45.457Z,19.0,,,,17.5
climate.eve_thermo_20ebp1701_thermostat_3,heat,2024-12-03T14:01:27.534Z,19.5,,,,17.5
climate.eve_thermo_20ebp1701_thermostat_3,off,2024-12-03T14:01:27.538Z,19.5,,,,17.5
climate.eve_thermo_20ebp1701_thermostat_3,off,2024-12-03T14:04:29.846Z,20.0,,,,17.5
climate.eve_thermo_20ebp1701_thermostat_3,heat,2024-12-03T14:31:26.899Z,20.0,,,,17.5
climate.eve_thermo_20ebp1701_thermostat_3,heat,2024-12-03T14:31:27.335Z,20.0,,,,21.5
climate.eve_thermo_20ebp1701_thermostat_3,heat,2024-12-03T14:34:16.748Z,20.0,,,,17.5
climate.eve_thermo_20ebp1701_thermostat_3,heat,2024-12-03T14:41:47.257Z,20.0,,,,17.5
climate.eve_thermo_20ebp1701_thermostat_3,heat,2024-12-03T14:50:18.065Z,20.0,,,,21.5
climate.eve_thermo_20ebp1701_thermostat_3,heat,2024-12-03T14:50:18.714Z,20.5,,,,21.5
climate.eve_thermo_20ebp1701_thermostat_3,heat,2024-12-03T14:54:06.151Z,20.5,,,,17.5
climate.eve_thermo_20ebp1701_thermostat_3,heat,2024-12-03T14:54:07.486Z,21.0,,,,17.5
climate.eve_thermo_20ebp1701_thermostat_3,heat,2024-12-03T15:34:30.265Z,20.0,,,,17.5
climate.eve_thermo_20ebp1701_thermostat_3,heat,2024-12-03T15:58:30.154Z,19.0,,,,17.5
climate.eve_thermo_20ebp1701_thermostat_3,heat,2024-12-03T17:03:30.393Z,18.0,,,,17.5
climate.eve_thermo_20ebp1701_thermostat_3,heat,2024-12-03T17:40:20.954Z,18.0,,,,21.5
climate.eve_thermo_20ebp1701_thermostat_3,heat,2024-12-03T17:40:22.156Z,18.5,,,,21.5
climate.eve_thermo_20ebp1701_thermostat_3,heat,2024-12-03T17:40:22.536Z,19.0,,,,21.5
climate.eve_thermo_20ebp1701_thermostat_3,heat,2024-12-03T17:49:08.211Z,19.0,,,,17.5
climate.eve_thermo_20ebp1701_thermostat_3,heat,2024-12-03T17:49:09.345Z,19.5,,,,17.5
climate.eve_thermo_20ebp1701_thermostat_3,heat,2024-12-03T17:53:29.481Z,19.5,,,,21.5
climate.eve_thermo_20ebp1701_thermostat_3,heat,2024-12-03T17:53:30.537Z,20.0,,,,21.5
climate.eve_thermo_20ebp1701_thermostat_3,heat,2024-12-03T18:06:30.586Z,21.0,,,,21.5
climate.eve_thermo_20ebp1701_thermostat_3,heat,2024-12-03T18:25:30.640Z,22.0,,,,21.5
climate.eve_thermo_20ebp1701_thermostat_3,heat,2024-12-03T18:57:19.191Z,22.0,,,,17.5
climate.eve_thermo_20ebp1701_thermostat_3,heat,2024-12-03T18:57:20.425Z,22.5,,,,17.5
climate.eve_thermo_20ebp1701_thermostat_3,heat,2024-12-03T19:27:30.806Z,21.0,,,,17.5
climate.eve_thermo_20ebp1701_thermostat_3,heat,2024-12-03T19:45:30.852Z,20.0,,,,17.5
climate.eve_thermo_20ebp1701_thermostat_3,heat,2024-12-03T20:09:30.949Z,19.0,,,,17.5
climate.eve_thermo_20ebp1701_thermostat_3,off,2024-12-03T20:13:06.021Z,19.0,,,,17.5
climate.eve_thermo_20ebp1701_thermostat_3,off,2024-12-03T20:42:31.062Z,18.0,,,,17.5
climate.eve_thermo_20ebp1701_thermostat_3,off,2024-12-03T21:31:31.253Z,17.0,,,,17.5
climate.eve_thermo_20ebp1701_thermostat_3,off,2024-12-03T22:43:31.401Z,16.0,,,,17.5
climate.eve_thermo_20ebp1701_thermostat_3,off,2024-12-04T01:32:31.934Z,15.0,,,,17.5
climate.eve_thermo_20ebp1701_thermostat_3,off,2024-12-04T04:59:32.576Z,14.0,,,,17.5
climate.eve_thermo_20ebp1701_thermostat_3,heat,2024-12-04T10:00:45.605Z,14.0,,,,17.5
climate.eve_thermo_20ebp1701_thermostat_3,heat,2024-12-04T10:00:46.188Z,14.0,,,,21.5
climate.eve_thermo_20ebp1701_thermostat_3,heat,2024-12-04T10:09:39.494Z,15.0,,,,21.5
climate.eve_thermo_20ebp1701_thermostat_3,heat,2024-12-04T10:14:33.578Z,16.0,,,,21.5
climate.eve_thermo_20ebp1701_thermostat_3,heat,2024-12-04T10:20:33.830Z,17.0,,,,21.5
climate.eve_thermo_20ebp1701_thermostat_3,heat,2024-12-04T10:27:33.665Z,18.0,,,,21.5
climate.eve_thermo_20ebp1701_thermostat_3,heat,2024-12-04T10:34:33.712Z,19.0,,,,21.5
climate.eve_thermo_20ebp1701_thermostat_3,heat,2024-12-04T10:43:33.671Z,20.0,,,,21.5
climate.eve_thermo_20ebp1701_thermostat_3,heat,2024-12-04T10:54:33.704Z,21.0,,,,21.5
climate.eve_thermo_20ebp1701_thermostat_3,heat,2024-12-04T11:06:12.935Z,21.0,,,,17.5
climate.eve_thermo_20ebp1701_thermostat_3,heat,2024-12-04T11:06:14.164Z,21.5,,,,17.5
climate.eve_thermo_20ebp1701_thermostat_3,heat,2024-12-04T11:06:18.272Z,22.0,,,,17.5
climate.eve_thermo_20ebp1701_thermostat_3,heat,2024-12-04T11:36:33.825Z,21.0,,,,17.5
climate.eve_thermo_20ebp1701_thermostat_3,heat,2024-12-04T11:51:33.862Z,20.0,,,,17.5
climate.eve_thermo_20ebp1701_thermostat_3,heat,2024-12-04T12:08:33.950Z,19.0,,,,17.5
climate.eve_thermo_20ebp1701_thermostat_3,heat,2024-12-04T12:25:33.973Z,18.0,,,,17.5
climate.eve_thermo_20ebp1701_thermostat_3,heat,2024-12-04T12:49:04.779Z,18.0,,,,21.5
climate.eve_thermo_20ebp1701_thermostat_3,heat,2024-12-04T12:50:55.857Z,18.0,,,,17.5
climate.eve_thermo_20ebp1701_thermostat_3,heat,2024-12-04T13:08:34.123Z,19.0,,,,17.5
climate.eve_thermo_20ebp1701_thermostat_3,heat,2024-12-04T13:46:34.233Z,18.0,,,,17.5
climate.eve_thermo_20ebp1701_thermostat_3,heat,2024-12-04T14:08:48.730Z,18.0,,,,21.5
climate.eve_thermo_20ebp1701_thermostat_3,heat,2024-12-04T14:10:44.816Z,18.0,,,,17.5
climate.eve_thermo_20ebp1701_thermostat_3,heat,2024-12-04T14:23:21.060Z,18.0,,,,21.5
climate.eve_thermo_20ebp1701_thermostat_3,heat,2024-12-04T14:23:22.187Z,18.5,,,,21.5
climate.eve_thermo_20ebp1701_thermostat_3,heat,2024-12-04T14:25:34.336Z,19.0,,,,21.5
climate.eve_thermo_20ebp1701_thermostat_3,heat,2024-12-04T14:32:17.427Z,19.0,,,,17.5
climate.eve_thermo_20ebp1701_thermostat_3,heat,2024-12-04T14:32:18.659Z,19.5,,,,17.5
climate.eve_thermo_20ebp1701_thermostat_3,heat,2024-12-04T14:39:34.405Z,20.0,,,,17.5
climate.eve_thermo_20ebp1701_thermostat_3,heat,2024-12-04T14:46:08.706Z,20.0,,,,21.5
climate.eve_thermo_20ebp1701_thermostat_3,heat,2024-12-04T14:47:21.273Z,20.0,,,,17.5
climate.eve_thermo_20ebp1701_thermostat_3,heat,2024-12-04T15:11:24.871Z,20.0,,,,21.5
climate.eve_thermo_20ebp1701_thermostat_3,heat,2024-12-04T15:13:26.473Z,20.0,,,,17.5
climate.eve_thermo_20ebp1701_thermostat_3,heat,2024-12-04T15:32:00.615Z,20.0,,,,21.5
climate.eve_thermo_20ebp1701_thermostat_3,heat,2024-12-04T15:33:09.619Z,20.0,,,,17.5
climate.eve_thermo_20ebp1701_thermostat_3,heat,2024-12-04T15:34:09.113Z,20.0,,,,21.5
climate.eve_thermo_20ebp1701_thermostat_3,heat,2024-12-04T15:39:51.608Z,20.0,,,,17.5
climate.eve_thermo_20ebp1701_thermostat_3,heat,2024-12-04T15:39:52.845Z,20.5,,,,17.5
climate.eve_thermo_20ebp1701_thermostat_3,heat,2024-12-04T15:53:36.026Z,20.5,,,,21.5
climate.eve_thermo_20ebp1701_thermostat_3,heat,2024-12-04T15:53:37.275Z,20.0,,,,21.5
climate.eve_thermo_20ebp1701_thermostat_3,heat,2024-12-04T15:56:32.958Z,20.0,,,,17.5
climate.eve_thermo_20ebp1701_thermostat_3,heat,2024-12-04T16:06:41.153Z,20.5,,,,17.5
climate.eve_thermo_20ebp1701_thermostat_3,heat,2024-12-04T16:06:41.155Z,20.5,,,,21.5
climate.eve_thermo_20ebp1701_thermostat_3,heat,2024-12-04T16:12:34.652Z,21.0,,,,21.5
climate.eve_thermo_20ebp1701_thermostat_3,heat,2024-12-04T16:30:34.705Z,22.0,,,,21.5
climate.eve_thermo_20ebp1701_thermostat_3,heat,2024-12-04T16:47:42.741Z,22.0,,,,17.5
climate.eve_thermo_20ebp1701_thermostat_3,heat,2024-12-04T16:47:43.985Z,22.5,,,,17.5
climate.eve_thermo_20ebp1701_thermostat_3,heat,2024-12-04T17:23:34.856Z,21.0,,,,17.5
climate.eve_thermo_20ebp1701_thermostat_3,heat,2024-12-04T17:39:34.899Z,20.0,,,,17.5
climate.eve_thermo_20ebp1701_thermostat_3,heat,2024-12-04T18:02:34.979Z,19.0,,,,17.5
climate.eve_thermo_20ebp1701_thermostat_3,heat,2024-12-04T18:31:35.071Z,18.0,,,,17.5
climate.eve_thermo_20ebp1701_thermostat_3,heat,2024-12-04T19:06:35.169Z,19.0,,,,17.5
climate.eve_thermo_20ebp1701_thermostat_3,heat,2024-12-04T19:43:35.315Z,18.0,,,,17.5
climate.eve_thermo_20ebp1701_thermostat_3,heat,2024-12-04T22:14:35.759Z,17.0,,,,17.5
climate.eve_thermo_20ebp1701_thermostat_3,heat,2024-12-04T23:15:35.946Z,16.0,,,,17.5
climate.eve_thermo_20ebp1701_thermostat_3,heat,2024-12-05T02:35:36.592Z,15.0,,,,17.5
climate.eve_thermo_20ebp1701_thermostat_3,heat,2024-12-05T05:12:37.040Z,16.0,,,,17.5
climate.eve_thermo_20ebp1701_thermostat_3,heat,2024-12-05T05:17:37.062Z,17.0,,,,17.5
climate.eve_thermo_20ebp1701_thermostat_3,heat,2024-12-05T05:24:37.077Z,18.0,,,,17.5
climate.eve_thermo_20ebp1701_thermostat_3,heat,2024-12-05T05:32:37.169Z,19.0,,,,17.5
climate.eve_thermo_20ebp1701_thermostat_3,heat,2024-12-05T05:41:37.136Z,20.0,,,,17.5
climate.eve_thermo_20ebp1701_thermostat_3,heat,2024-12-05T05:55:37.174Z,21.0,,,,17.5
climate.eve_thermo_20ebp1701_thermostat_3,heat,2024-12-05T06:24:37.268Z,20.0,,,,17.5
climate.eve_thermo_20ebp1701_thermostat_3,heat,2024-12-05T07:25:37.461Z,19.0,,,,17.5
climate.eve_thermo_20ebp1701_thermostat_3,heat,2024-12-05T07:41:11.811Z,19.0,,,,21.5
climate.eve_thermo_20ebp1701_thermostat_3,heat,2024-12-05T07:41:12.786Z,18.5,,,,21.5
climate.eve_thermo_20ebp1701_thermostat_3,heat,2024-12-05T07:45:40.661Z,18.5,,,,17.5
climate.eve_thermo_20ebp1701_thermostat_3,heat,2024-12-05T07:53:24.659Z,19.5,,,,17.5
climate.eve_thermo_20ebp1701_thermostat_3,off,2024-12-05T07:53:24.661Z,19.5,,,,17.5
climate.eve_thermo_20ebp1701_thermostat_3,off,2024-12-05T08:50:37.685Z,18.0,,,,17.5
climate.eve_thermo_20ebp1701_thermostat_3,off,2024-12-05T09:22:37.785Z,17.0,,,,17.5
climate.eve_thermo_20ebp1701_thermostat_3,off,2024-12-05T10:19:54.266Z,16.5,,,,17.5
climate.eve_thermo_20ebp1701_thermostat_3,heat,2024-12-05T10:19:54.268Z,16.5,,,,17.5
climate.eve_thermo_20ebp1701_thermostat_3,heat,2024-12-05T10:19:54.748Z,16.5,,,,21.5
climate.eve_thermo_20ebp1701_thermostat_3,heat,2024-12-05T10:33:38.010Z,18.0,,,,21.5
climate.eve_thermo_20ebp1701_thermostat_3,heat,2024-12-05T10:40:38.027Z,19.0,,,,21.5
climate.eve_thermo_20ebp1701_thermostat_3,heat,2024-12-05T10:48:38.054Z,20.0,,,,21.5
climate.eve_thermo_20ebp1701_thermostat_3,heat,2024-12-05T10:58:38.090Z,21.0,,,,21.5
climate.eve_thermo_20ebp1701_thermostat_3,heat,2024-12-05T11:10:38.119Z,22.0,,,,21.5
climate.eve_thermo_20ebp1701_thermostat_3,heat,2024-12-05T11:20:11.140Z,22.0,,,,17.5
climate.eve_thermo_20ebp1701_thermostat_3,heat,2024-12-05T11:20:12.307Z,22.5,,,,17.5
climate.eve_thermo_20ebp1701_thermostat_3,heat,2024-12-05T11:47:39.399Z,22.0,,,,17.5
climate.eve_thermo_20ebp1701_thermostat_3,off,2024-12-05T11:47:39.401Z,22.0,,,,17.5
climate.eve_thermo_20ebp1701_thermostat_3,off,2024-12-05T12:07:38.282Z,21.0,,,,17.5
climate.eve_thermo_20ebp1701_thermostat_3,off,2024-12-05T12:22:38.318Z,20.0,,,,17.5
climate.eve_thermo_20ebp1701_thermostat_3,off,2024-12-05T12:41:38.469Z,19.0,,,,17.5
climate.eve_thermo_20ebp1701_thermostat_3,off,2024-12-05T13:03:38.471Z,18.0,,,,17.5
climate.eve_thermo_20ebp1701_thermostat_3,off,2024-12-05T13:40:38.603Z,17.0,,,,17.5
climate.eve_thermo_20ebp1701_thermostat_3,heat,2024-12-05T13:44:09.795Z,17.0,,,,17.5
climate.eve_thermo_20ebp1701_thermostat_3,heat,2024-12-05T13:44:10.263Z,17.0,,,,21.5
climate.eve_thermo_20ebp1701_thermostat_3,heat,2024-12-05T13:45:20.062Z,17.0,,,,17.5
climate.eve_thermo_20ebp1701_thermostat_3,heat,2024-12-05T13:52:38.687Z,18.0,,,,17.5
climate.eve_thermo_20ebp1701_thermostat_3,heat,2024-12-05T13:59:38.779Z,19.0,,,,17.5
climate.eve_thermo_20ebp1701_thermostat_3,heat,2024-12-05T14:08:38.684Z,20.0,,,,17.5
climate.eve_thermo_20ebp1701_thermostat_3,heat,2024-12-05T15:09:38.830Z,19.0,,,,17.5
climate.eve_thermo_20ebp1701_thermostat_3,heat,2024-12-05T15:30:24.832Z,19.0,,,,21.5
climate.eve_thermo_20ebp1701_thermostat_3,heat,2024-12-05T15:30:25.909Z,18.5,,,,21.5
climate.eve_thermo_20ebp1701_thermostat_3,heat,2024-12-05T15:33:39.842Z,18.5,,,,17.5
climate.eve_thermo_20ebp1701_thermostat_3,heat,2024-12-05T15:39:55.738Z,19.0,,,,17.5
climate.eve_thermo_20ebp1701_thermostat_3,heat,2024-12-05T15:39:55.740Z,19.0,,,,21.5
climate.eve_thermo_20ebp1701_thermostat_3,heat,2024-12-05T15:48:38.965Z,20.0,,,,21.5
climate.eve_thermo_20ebp1701_thermostat_3,heat,2024-12-05T15:57:38.974Z,21.0,,,,21.5
climate.eve_thermo_20ebp1701_thermostat_3,heat,2024-12-05T16:11:39.076Z,22.0,,,,21.5
climate.eve_thermo_20ebp1701_thermostat_3,heat,2024-12-05T16:25:39.057Z,23.0,,,,21.5
climate.eve_thermo_20ebp1701_thermostat_3,heat,2024-12-05T16:55:51.497Z,23.0,,,,17.5
climate.eve_thermo_20ebp1701_thermostat_3,heat,2024-12-05T16:55:52.733Z,22.5,,,,17.5
climate.eve_thermo_20ebp1701_thermostat_3,heat,2024-12-05T16:59:39.148Z,22.0,,,,17.5
climate.eve_thermo_20ebp1701_thermostat_3,heat,2024-12-05T17:09:55.069Z,22.0,,,,21.5
climate.eve_thermo_20ebp1701_thermostat_3,heat,2024-12-05T17:12:55.194Z,22.0,,,,17.5
climate.eve_thermo_20ebp1701_thermostat_3,heat,2024-12-05T17:12:56.434Z,21.5,,,,17.5
climate.eve_thermo_20ebp1701_thermostat_3,heat,2024-12-05T17:15:28.375Z,21.5,,,,21.5
climate.eve_thermo_20ebp1701_thermostat_3,heat,2024-12-05T17:17:26.860Z,21.5,,,,17.5
climate.eve_thermo_20ebp1701_thermostat_3,heat,2024-12-05T17:18:53.648Z,21.5,,,,21.5
climate.eve_thermo_20ebp1701_thermostat_3,heat,2024-12-05T17:18:54.716Z,22.0,,,,21.5
climate.eve_thermo_20ebp1701_thermostat_3,heat,2024-12-05T17:20:02.764Z,22.0,,,,17.5
climate.eve_thermo_20ebp1701_thermostat_3,heat,2024-12-05T17:21:39.780Z,22.0,,,,21.5
climate.eve_thermo_20ebp1701_thermostat_3,heat,2024-12-05T17:43:51.578Z,22.0,,,,17.5
climate.eve_thermo_20ebp1701_thermostat_3,heat,2024-12-05T17:43:52.762Z,22.5,,,,17.5
climate.eve_thermo_20ebp1701_thermostat_3,heat,2024-12-05T17:50:25.925Z,22.5,,,,21.5
climate.eve_thermo_20ebp1701_thermostat_3,heat,2024-12-05T17:50:26.815Z,22.0,,,,21.5
climate.eve_thermo_20ebp1701_thermostat_3,heat,2024-12-05T17:52:25.910Z,22.0,,,,17.5
climate.eve_thermo_20ebp1701_thermostat_3,heat,2024-12-05T17:54:35.095Z,22.0,,,,21.5
climate.eve_thermo_20ebp1701_thermostat_3,heat,2024-12-05T17:55:49.615Z,22.0,,,,17.5
climate.eve_thermo_20ebp1701_thermostat_3,heat,2024-12-05T17:59:49.293Z,22.0,,,,21.5
climate.eve_thermo_20ebp1701_thermostat_3,heat,2024-12-05T18:01:59.416Z,22.0,,,,17.5
climate.eve_thermo_20ebp1701_thermostat_3,heat,2024-12-05T18:22:51.135Z,22.0,,,,21.5
climate.eve_thermo_20ebp1701_thermostat_3,heat,2024-12-05T18:22:52.018Z,21.5,,,,21.5
climate.eve_thermo_20ebp1701_thermostat_3,heat,2024-12-05T18:23:55.772Z,21.5,,,,17.5
climate.eve_thermo_20ebp1701_thermostat_3,heat,2024-12-05T18:26:11.091Z,21.5,,,,21.5
climate.eve_thermo_20ebp1701_thermostat_3,heat,2024-12-05T18:28:20.720Z,21.5,,,,17.5
climate.eve_thermo_20ebp1701_thermostat_3,heat,2024-12-05T18:31:13.097Z,21.5,,,,21.5
climate.eve_thermo_20ebp1701_thermostat_3,heat,2024-12-05T18:32:30.307Z,21.5,,,,17.5
climate.eve_thermo_20ebp1701_thermostat_3,heat,2024-12-05T18:40:23.711Z,21.5,,,,21.5
climate.eve_thermo_20ebp1701_thermostat_3,heat,2024-12-05T18:44:29.284Z,21.5,,,,17.5
climate.eve_thermo_20ebp1701_thermostat_3,heat,2024-12-05T18:44:30.392Z,22.0,,,,17.5
climate.eve_thermo_20ebp1701_thermostat_3,heat,2024-12-05T18:55:26.286Z,22.0,,,,21.5
climate.eve_thermo_20ebp1701_thermostat_3,heat,2024-12-05T18:55:27.378Z,21.5,,,,21.5
climate.eve_thermo_20ebp1701_thermostat_3,heat,2024-12-05T19:01:17.805Z,21.5,,,,17.5
climate.eve_thermo_20ebp1701_thermostat_3,heat,2024-12-05T19:17:24.707Z,21.5,,,,21.5
climate.eve_thermo_20ebp1701_thermostat_3,heat,2024-12-05T19:17:25.602Z,22.0,,,,21.5
climate.eve_thermo_20ebp1701_thermostat_3,heat,2024-12-05T19:20:07.188Z,22.0,,,,17.5
climate.eve_thermo_20ebp1701_thermostat_3,heat,2024-12-05T19:27:03.958Z,22.0,,,,21.5
climate.eve_thermo_20ebp1701_thermostat_3,heat,2024-12-05T19:27:04.853Z,22.5,,,,21.5
climate.eve_thermo_20ebp1701_thermostat_3,heat,2024-12-05T19:29:23.995Z,22.5,,,,17.5
climate.eve_thermo_20ebp1701_thermostat_3,heat,2024-12-05T19:45:15.297Z,22.5,,,,21.5
climate.eve_thermo_20ebp1701_thermostat_3,heat,2024-12-05T19:45:15.936Z,22.0,,,,21.5
climate.eve_thermo_20ebp1701_thermostat_3,heat,2024-12-05T19:48:09.128Z,22.0,,,,17.5
climate.eve_thermo_20ebp1701_thermostat_3,heat,2024-12-05T19:52:12.623Z,22.0,,,,21.5
climate.eve_thermo_20ebp1701_thermostat_3,heat,2024-12-05T19:53:43.452Z,22.0,,,,17.5
climate.eve_thermo_20ebp1701_thermostat_3,heat,2024-12-05T19:54:53.414Z,22.0,,,,21.5
climate.eve_thermo_20ebp1701_thermostat_3,heat,2024-12-05T20:54:24.703Z,22.0,,,,17.5
climate.eve_thermo_20ebp1701_thermostat_3,heat,2024-12-05T21:00:07.937Z,22.0,,,,21.5
climate.eve_thermo_20ebp1701_thermostat_3,heat,2024-12-05T21:01:15.560Z,22.0,,,,17.5
climate.eve_thermo_20ebp1701_thermostat_3,heat,2024-12-05T21:01:16.858Z,22.5,,,,17.5
climate.eve_thermo_20ebp1701_thermostat_3,heat,2024-12-05T21:15:05.676Z,22.5,,,,21.5
climate.eve_thermo_20ebp1701_thermostat_3,heat,2024-12-05T21:52:27.532Z,22.0,,,,21.5
climate.eve_thermo_20ebp1701_thermostat_3,off,2024-12-05T21:52:27.534Z,22.0,,,,21.5
climate.eve_thermo_20ebp1701_thermostat_3,off,2024-12-05T22:12:40.079Z,21.0,,,,21.5
climate.eve_thermo_20ebp1701_thermostat_3,off,2024-12-05T22:14:54.280Z,21.0,,,,17.5
climate.eve_thermo_20ebp1701_thermostat_3,heat,2024-12-05T22:14:54.903Z,21.0,,,,17.5
climate.eve_thermo_20ebp1701_thermostat_3,heat,2024-12-05T22:35:40.145Z,20.0,,,,17.5
climate.eve_thermo_20ebp1701_thermostat_3,heat,2024-12-05T22:40:16.881Z,20.0,,,,21.5
climate.eve_thermo_20ebp1701_thermostat_3,heat,2024-12-05T22:42:23.677Z,20.0,,,,17.5
climate.eve_thermo_20ebp1701_thermostat_3,heat,2024-12-05T23:05:40.234Z,19.0,,,,17.5
climate.eve_thermo_20ebp1701_thermostat_3,heat,2024-12-05T23:47:40.366Z,18.0,,,,17.5
climate.eve_thermo_20ebp1701_thermostat_3,heat,2024-12-06T01:04:40.603Z,17.0,,,,17.5
climate.eve_thermo_20ebp1701_thermostat_3,heat,2024-12-06T03:02:40.976Z,16.0,,,,17.5
climate.eve_thermo_20ebp1701_thermostat_3,heat,2024-12-06T05:23:41.400Z,17.0,,,,17.5
climate.eve_thermo_20ebp1701_thermostat_3,heat,2024-12-06T05:30:41.417Z,18.0,,,,17.5
climate.eve_thermo_20ebp1701_thermostat_3,heat,2024-12-06T05:40:41.460Z,19.0,,,,17.5
climate.eve_thermo_20ebp1701_thermostat_3,heat,2024-12-06T05:50:41.512Z,20.0,,,,17.5
climate.eve_thermo_20ebp1701_thermostat_3,heat,2024-12-06T07:43:41.816Z,19.0,,,,17.5
climate.eve_thermo_20ebp1701_thermostat_3,heat,2024-12-06T08:19:49.196Z,19.0,,,,21.5
climate.eve_thermo_20ebp1701_thermostat_3,heat,2024-12-06T08:19:50.326Z,18.5,,,,21.5
climate.eve_thermo_20ebp1701_thermostat_3,heat,2024-12-06T08:21:24.855Z,18.5,,,,17.5
climate.eve_thermo_20ebp1701_thermostat_3,heat,2024-12-06T08:21:26.095Z,19.0,,,,17.5
climate.eve_thermo_20ebp1701_thermostat_3,heat,2024-12-06T08:23:11.020Z,19.0,,,,21.5
climate.eve_thermo_20ebp1701_thermostat_3,heat,2024-12-06T08:24:35.814Z,19.0,,,,17.5
climate.eve_thermo_20ebp1701_thermostat_3,heat,2024-12-06T08:28:33.405Z,19.0,,,,21.5
climate.eve_thermo_20ebp1701_thermostat_3,heat,2024-12-06T08:31:54.899Z,19.0,,,,17.5
climate.eve_thermo_20ebp1701_thermostat_3,heat,2024-12-06T08:32:55.325Z,19.0,,,,21.5
climate.eve_thermo_20ebp1701_thermostat_3,heat,2024-12-06T08:32:56.440Z,19.5,,,,21.5
climate.eve_thermo_20ebp1701_thermostat_3,heat,2024-12-06T08:34:04.436Z,19.5,,,,17.5
climate.eve_thermo_20ebp1701_thermostat_3,heat,2024-12-06T09:43:56.907Z,19.5,,,,21.5
climate.eve_thermo_20ebp1701_thermostat_3,heat,2024-12-06T09:43:57.996Z,18.5,,,,21.5
climate.eve_thermo_20ebp1701_thermostat_3,heat,2024-12-06T09:45:45.829Z,18.5,,,,17.5
climate.eve_thermo_20ebp1701_thermostat_3,heat,2024-12-06T09:46:43.523Z,18.5,,,,21.5
climate.eve_thermo_20ebp1701_thermostat_3,heat,2024-12-06T09:47:54.151Z,18.5,,,,17.5
climate.eve_thermo_20ebp1701_thermostat_3,heat,2024-12-06T10:07:00.338Z,19.5,,,,17.5
climate.eve_thermo_20ebp1701_thermostat_3,heat,2024-12-06T11:10:06.682Z,19.5,,,,21.5
climate.eve_thermo_20ebp1701_thermostat_3,heat,2024-12-06T11:10:07.715Z,18.5,,,,21.5
climate.eve_thermo_20ebp1701_thermostat_3,heat,2024-12-06T11:29:01.395Z,18.5,,,,17.5
climate.eve_thermo_20ebp1701_thermostat_3,heat,2024-12-06T11:29:02.633Z,19.5,,,,17.5
climate.eve_thermo_20ebp1701_thermostat_3,heat,2024-12-06T11:36:42.523Z,20.0,,,,17.5
climate.eve_thermo_20ebp1701_thermostat_3,heat,2024-12-06T11:46:22.247Z,20.0,,,,21.5
climate.eve_thermo_20ebp1701_thermostat_3,heat,2024-12-06T11:50:16.148Z,20.0,,,,17.5
climate.eve_thermo_20ebp1701_thermostat_3,heat,2024-12-06T11:56:17.232Z,20.0,,,,21.5
climate.eve_thermo_20ebp1701_thermostat_3,heat,2024-12-06T11:58:21.444Z,20.0,,,,17.5
climate.eve_thermo_20ebp1701_thermostat_3,heat,2024-12-06T12:11:45.137Z,20.0,,,,21.5
climate.eve_thermo_20ebp1701_thermostat_3,heat,2024-12-06T12:11:46.276Z,19.5,,,,21.5
climate.eve_thermo_20ebp1701_thermostat_3,heat,2024-12-06T12:14:31.980Z,19.5,,,,17.5
climate.eve_thermo_20ebp1701_thermostat_3,heat,2024-12-06T12:21:40.028Z,20.0,,,,17.5
climate.eve_thermo_20ebp1701_thermostat_3,off,2024-12-06T12:21:40.030Z,20.0,,,,17.5
climate.eve_thermo_20ebp1701_thermostat_3,off,2024-12-06T13:02:42.764Z,19.0,,,,17.5
climate.eve_thermo_20ebp1701_thermostat_3,off,2024-12-06T13:30:42.843Z,18.0,,,,17.5
climate.eve_thermo_20ebp1701_thermostat_3,off,2024-12-06T14:06:43.111Z,17.0,,,,17.5
climate.eve_thermo_20ebp1701_thermostat_3,off,2024-12-06T15:03:43.130Z,16.0,,,,17.5
climate.eve_thermo_20ebp1701_thermostat_3,heat,2024-12-06T16:26:30.105Z,16.0,,,,17.5
climate.eve_thermo_20ebp1701_thermostat_3,heat,2024-12-06T16:26:30.849Z,16.0,,,,21.5
climate.eve_thermo_20ebp1701_thermostat_3,heat,2024-12-06T16:28:29.152Z,16.0,,,,17.5
climate.eve_thermo_20ebp1701_thermostat_3,heat,2024-12-06T16:37:43.433Z,17.0,,,,17.5
climate.eve_thermo_20ebp1701_thermostat_3,heat,2024-12-06T16:39:43.757Z,17.0,,,,21.5
climate.eve_thermo_20ebp1701_thermostat_3,heat,2024-12-06T16:45:43.453Z,18.0,,,,21.5
climate.eve_thermo_20ebp1701_thermostat_3,heat,2024-12-06T16:53:43.483Z,19.0,,,,21.5
climate.eve_thermo_20ebp1701_thermostat_3,heat,2024-12-06T16:55:18.240Z,19.0,,,,17.5
climate.eve_thermo_20ebp1701_thermostat_3,heat,2024-12-06T17:07:43.528Z,20.0,,,,17.5
climate.eve_thermo_20ebp1701_thermostat_3,heat,2024-12-06T17:23:12.379Z,20.0,,,,21.5
climate.eve_thermo_20ebp1701_thermostat_3,heat,2024-12-06T18:05:10.621Z,22.0,,,,21.5
climate.eve_thermo_20ebp1701_thermostat_3,heat,2024-12-06T18:20:43.844Z,23.0,,,,21.5
climate.eve_thermo_20ebp1701_thermostat_3,heat,2024-12-06T18:49:43.889Z,22.0,,,,21.5
climate.eve_thermo_20ebp1701_thermostat_3,off,2024-12-06T21:32:12.904Z,22.0,,,,21.5
climate.eve_thermo_20ebp1701_thermostat_3,heat,2024-12-06T21:37:11.573Z,22.0,,,,21.5
climate.eve_thermo_20ebp1701_thermostat_3,heat,2024-12-06T22:12:44.422Z,21.0,,,,21.5
climate.eve_thermo_20ebp1701_thermostat_3,heat,2024-12-06T22:43:44.617Z,20.0,,,,21.5
climate.eve_thermo_20ebp1701_thermostat_3,heat,2024-12-06T23:16:24.501Z,20.0,,,,17.5
climate.eve_thermo_20ebp1701_thermostat_3,heat,2024-12-06T23:16:25.759Z,19.5,,,,17.5
climate.eve_thermo_20ebp1701_thermostat_3,off,2024-12-06T23:25:04.265Z,19.5,,,,17.5
climate.eve_thermo_20ebp1701_thermostat_3,off,2024-12-06T23:30:44.740Z,19.0,,,,17.5
climate.eve_thermo_20ebp1701_thermostat_3,off,2024-12-07T00:17:44.810Z,18.0,,,,17.5
climate.eve_thermo_20ebp1701_thermostat_3,off,2024-12-07T01:45:45.065Z,17.0,,,,17.5
climate.eve_thermo_20ebp1701_thermostat_3,off,2024-12-07T04:13:45.574Z,16.0,,,,17.5
climate.eve_thermo_20ebp1701_thermostat_3,off,2024-12-07T08:04:05.501Z,15.5,,,,17.5
climate.eve_thermo_20ebp1701_thermostat_3,heat,2024-12-07T08:04:05.502Z,15.5,,,,17.5
climate.eve_thermo_20ebp1701_thermostat_3,heat,2024-12-07T08:04:06.017Z,15.5,,,,21.5
climate.eve_thermo_20ebp1701_thermostat_3,heat,2024-12-07T08:06:15.772Z,15.5,,,,17.5
climate.eve_thermo_20ebp1701_thermostat_3,heat,2024-12-07T08:17:46.289Z,17.0,,,,17.5
climate.eve_thermo_20ebp1701_thermostat_3,heat,2024-12-07T08:19:06.402Z,17.0,,,,21.5
climate.eve_thermo_20ebp1701_thermostat_3,heat,2024-12-07T08:21:14.198Z,17.5,,,,21.5
climate.eve_thermo_20ebp1701_thermostat_3,heat,2024-12-07T08:21:14.201Z,17.5,,,,17.5
climate.eve_thermo_20ebp1701_thermostat_3,heat,2024-12-07T08:23:46.291Z,18.0,,,,17.5
climate.eve_thermo_20ebp1701_thermostat_3,heat,2024-12-07T08:31:50.942Z,18.5,,,,17.5
climate.eve_thermo_20ebp1701_thermostat_3,off,2024-12-07T08:31:50.944Z,18.5,,,,17.5
climate.eve_thermo_20ebp1701_thermostat_3,off,2024-12-07T08:33:46.403Z,19.0,,,,17.5
climate.eve_thermo_20ebp1701_thermostat_3,off,2024-12-07T09:44:46.523Z,18.0,,,,17.5
climate.eve_thermo_20ebp1701_thermostat_3,heat,2024-12-07T09:51:26.164Z,18.0,,,,17.5
climate.eve_thermo_20ebp1701_thermostat_3,heat,2024-12-07T09:51:26.706Z,18.0,,,,21.5
climate.eve_thermo_20ebp1701_thermostat_3,heat,2024-12-07T09:53:42.492Z,18.0,,,,17.5
climate.eve_thermo_20ebp1701_thermostat_3,heat,2024-12-07T10:05:46.674Z,19.0,,,,17.5
climate.eve_thermo_20ebp1701_thermostat_3,heat,2024-12-07T10:19:46.644Z,20.0,,,,17.5
climate.eve_thermo_20ebp1701_thermostat_3,heat,2024-12-07T11:02:47.052Z,19.0,,,,17.5
climate.eve_thermo_20ebp1701_thermostat_3,heat,2024-12-07T11:30:46.993Z,18.0,,,,17.5
climate.eve_thermo_20ebp1701_thermostat_3,heat,2024-12-07T11:45:08.882Z,18.0,,,,21.5
climate.eve_thermo_20ebp1701_thermostat_3,heat,2024-12-07T11:48:12.829Z,18.0,,,,17.5
climate.eve_thermo_20ebp1701_thermostat_3,heat,2024-12-07T11:55:34.735Z,19.0,,,,17.5
climate.eve_thermo_20ebp1701_thermostat_3,off,2024-12-07T11:55:34.737Z,19.0,,,,17.5
climate.eve_thermo_20ebp1701_thermostat_3,off,2024-12-07T13:02:47.114Z,18.0,,,,17.5
climate.eve_thermo_20ebp1701_thermostat_3,off,2024-12-07T13:28:13.715Z,17.5,,,,17.5
climate.eve_thermo_20ebp1701_thermostat_3,heat,2024-12-07T13:28:13.717Z,17.5,,,,17.5
climate.eve_thermo_20ebp1701_thermostat_3,heat,2024-12-07T13:28:14.374Z,17.5,,,,21.5
climate.eve_thermo_20ebp1701_thermostat_3,heat,2024-12-07T13:44:47.254Z,19.0,,,,21.5
climate.eve_thermo_20ebp1701_thermostat_3,heat,2024-12-07T13:55:47.386Z,20.0,,,,21.5
climate.eve_thermo_20ebp1701_thermostat_3,heat,2024-12-07T14:18:09.234Z,20.0,,,,17.5
climate.eve_thermo_20ebp1701_thermostat_3,heat,2024-12-07T14:18:10.509Z,20.5,,,,17.5
climate.eve_thermo_20ebp1701_thermostat_3,heat,2024-12-07T14:29:47.408Z,21.0,,,,17.5
climate.eve_thermo_20ebp1701_thermostat_3,heat,2024-12-07T14:53:47.517Z,20.0,,,,17.5
climate.eve_thermo_20ebp1701_thermostat_3,heat,2024-12-07T15:18:47.628Z,19.0,,,,17.5
climate.eve_thermo_20ebp1701_thermostat_3,heat,2024-12-07T15:33:31.505Z,19.0,,,,21.5
climate.eve_thermo_20ebp1701_thermostat_3,heat,2024-12-07T15:37:15.941Z,19.0,,,,17.5
climate.eve_thermo_20ebp1701_thermostat_3,heat,2024-12-07T15:40:41.432Z,19.0,,,,21.5
climate.eve_thermo_20ebp1701_thermostat_3,heat,2024-12-07T15:43:07.658Z,19.0,,,,17.5
climate.eve_thermo_20ebp1701_thermostat_3,heat,2024-12-07T15:49:29.653Z,19.5,,,,17.5
climate.eve_thermo_20ebp1701_thermostat_3,heat,2024-12-07T15:49:57.337Z,19.5,,,,21.5
climate.eve_thermo_20ebp1701_thermostat_3,heat,2024-12-07T15:52:51.688Z,19.5,,,,17.5
climate.eve_thermo_20ebp1701_thermostat_3,heat,2024-12-07T15:52:53.122Z,20.0,,,,17.5
climate.eve_thermo_20ebp1701_thermostat_3,heat,2024-12-07T15:55:54.539Z,20.0,,,,21.5
climate.eve_thermo_20ebp1701_thermostat_3,heat,2024-12-07T15:57:03.872Z,20.0,,,,17.5
climate.eve_thermo_20ebp1701_thermostat_3,heat,2024-12-07T16:07:47.774Z,21.0,,,,17.5
climate.eve_thermo_20ebp1701_thermostat_3,off,2024-12-07T16:11:44.122Z,21.0,,,,17.5
climate.eve_thermo_20ebp1701_thermostat_3,off,2024-12-07T16:40:47.769Z,20.0,,,,17.5
climate.eve_thermo_20ebp1701_thermostat_3,off,2024-12-07T16:54:35.978Z,19.5,,,,17.5
climate.eve_thermo_20ebp1701_thermostat_3,heat,2024-12-07T16:54:35.980Z,19.5,,,,17.5
climate.eve_thermo_20ebp1701_thermostat_3,heat,2024-12-07T16:54:36.529Z,19.5,,,,21.5
climate.eve_thermo_20ebp1701_thermostat_3,heat,2024-12-07T16:55:49.485Z,19.5,,,,17.5
climate.eve_thermo_20ebp1701_thermostat_3,off,2024-12-07T17:15:44.907Z,19.5,,,,17.5
climate.eve_thermo_20ebp1701_thermostat_3,off,2024-12-07T17:28:47.910Z,19.0,,,,17.5
climate.eve_thermo_20ebp1701_thermostat_3,off,2024-12-07T18:05:48.020Z,18.0,,,,17.5
climate.eve_thermo_20ebp1701_thermostat_3,off,2024-12-07T18:51:48.159Z,17.0,,,,17.5
climate.eve_thermo_20ebp1701_thermostat_3,off,2024-12-07T20:03:48.384Z,16.0,,,,17.5
climate.eve_thermo_20ebp1701_thermostat_3,off,2024-12-07T23:22:49.392Z,15.0,,,,17.5
climate.eve_thermo_20ebp1701_thermostat_3,off,2024-12-08T04:14:49.964Z,14.0,,,,17.5
climate.eve_thermo_20ebp1701_thermostat_3,off,2024-12-08T09:22:50.929Z,15.0,,,,17.5
climate.eve_thermo_20ebp1701_thermostat_3,off,2024-12-08T14:05:37.797Z,16.0,,,,17.5
climate.eve_thermo_20ebp1701_thermostat_3,heat,2024-12-08T14:05:37.799Z,16.0,,,,17.5
climate.eve_thermo_20ebp1701_thermostat_3,heat,2024-12-08T14:05:38.439Z,16.0,,,,21.5
climate.eve_thermo_20ebp1701_thermostat_3,heat,2024-12-08T14:14:52.025Z,17.0,,,,21.5
climate.eve_thermo_20ebp1701_thermostat_3,heat,2024-12-08T14:20:37.260Z,17.0,,,,17.5
climate.eve_thermo_20ebp1701_thermostat_3,heat,2024-12-08T14:20:38.443Z,17.5,,,,17.5
climate.eve_thermo_20ebp1701_thermostat_3,heat,2024-12-08T14:28:51.860Z,19.0,,,,17.5
climate.eve_thermo_20ebp1701_thermostat_3,heat,2024-12-08T14:38:15.552Z,19.0,,,,21.5
climate.eve_thermo_20ebp1701_thermostat_3,heat,2024-12-08T14:38:16.734Z,19.5,,,,21.5
climate.eve_thermo_20ebp1701_thermostat_3,heat,2024-12-08T14:39:22.393Z,19.5,,,,17.5
climate.eve_thermo_20ebp1701_thermostat_3,heat,2024-12-08T14:41:16.936Z,20.0,,,,17.5
climate.eve_thermo_20ebp1701_thermostat_3,heat,2024-12-08T15:02:10.040Z,20.0,,,,21.5
climate.eve_thermo_20ebp1701_thermostat_3,heat,2024-12-08T15:12:12.779Z,20.0,,,,17.5
climate.eve_thermo_20ebp1701_thermostat_3,heat,2024-12-08T15:12:13.957Z,20.5,,,,17.5
climate.eve_thermo_20ebp1701_thermostat_3,heat,2024-12-08T15:17:42.303Z,20.5,,,,21.5
climate.eve_thermo_20ebp1701_thermostat_3,heat,2024-12-08T15:21:05.413Z,20.5,,,,17.5
climate.eve_thermo_20ebp1701_thermostat_3,heat,2024-12-08T15:21:52.026Z,21.0,,,,17.5
climate.eve_thermo_20ebp1701_thermostat_3,heat,2024-12-08T15:23:06.635Z,21.0,,,,21.5
climate.eve_thermo_20ebp1701_thermostat_3,heat,2024-12-08T15:25:12.157Z,21.0,,,,17.5
climate.eve_thermo_20ebp1701_thermostat_3,heat,2024-12-08T16:06:38.450Z,21.0,,,,21.5
climate.eve_thermo_20ebp1701_thermostat_3,heat,2024-12-08T16:06:39.033Z,20.5,,,,21.5
climate.eve_thermo_20ebp1701_thermostat_3,heat,2024-12-08T16:20:30.758Z,20.5,,,,17.5
climate.eve_thermo_20ebp1701_thermostat_3,heat,2024-12-08T16:20:32.338Z,21.5,,,,17.5
climate.eve_thermo_20ebp1701_thermostat_3,heat,2024-12-08T16:22:33.702Z,21.5,,,,21.5
climate.eve_thermo_20ebp1701_thermostat_3,heat,2024-12-08T16:22:35.491Z,22.0,,,,21.5
climate.eve_thermo_20ebp1701_thermostat_3,heat,2024-12-08T16:24:46.837Z,22.0,,,,17.5
climate.eve_thermo_20ebp1701_thermostat_3,heat,2024-12-08T16:57:52.307Z,21.0,,,,17.5
climate.eve_thermo_20ebp1701_thermostat_3,heat,2024-12-08T17:14:58.271Z,20.0,,,,17.5
climate.eve_thermo_20ebp1701_thermostat_3,heat,2024-12-08T17:35:52.410Z,19.0,,,,17.5
climate.eve_thermo_20ebp1701_thermostat_3,heat,2024-12-08T18:00:52.492Z,18.0,,,,17.5
climate.eve_thermo_20ebp1701_thermostat_3,heat,2024-12-08T20:34:26.273Z,18.5,,,,17.5
climate.eve_thermo_20ebp1701_thermostat_3,off,2024-12-08T20:34:26.274Z,18.5,,,,17.5
climate.eve_thermo_20ebp1701_thermostat_3,off,2024-12-08T21:20:53.073Z,17.0,,,,17.5
climate.eve_thermo_20ebp1701_thermostat_3,off,2024-12-08T22:01:53.233Z,16.0,,,,17.5
climate.eve_thermo_20ebp1701_thermostat_3,off,2024-12-08T23:45:53.535Z,15.0,,,,17.5
climate.eve_thermo_20ebp1701_thermostat_3,off,2024-12-09T02:50:54.218Z,14.0,,,,17.5
climate.eve_thermo_20ebp1701_thermostat_3,heat,2024-12-09T09:11:24.713Z,14.0,,,,17.5
climate.eve_thermo_20ebp1701_thermostat_3,heat,2024-12-09T09:11:25.175Z,14.0,,,,21.5
climate.eve_thermo_20ebp1701_thermostat_3,heat,2024-12-09T09:13:55.642Z,14.0,,,,17.5
climate.eve_thermo_20ebp1701_thermostat_3,heat,2024-12-09T09:19:55.349Z,15.0,,,,17.5
climate.eve_thermo_20ebp1701_thermostat_3,heat,2024-12-09T09:23:55.454Z,16.0,,,,17.5
climate.eve_thermo_20ebp1701_thermostat_3,heat,2024-12-09T09:29:55.393Z,17.0,,,,17.5
climate.eve_thermo_20ebp1701_thermostat_3,heat,2024-12-09T09:36:55.401Z,18.0,,,,17.5
climate.eve_thermo_20ebp1701_thermostat_3,heat,2024-12-09T09:40:42.938Z,18.0,,,,21.5
climate.eve_thermo_20ebp1701_thermostat_3,heat,2024-12-09T09:45:55.436Z,19.0,,,,21.5
climate.eve_thermo_20ebp1701_thermostat_3,heat,2024-12-09T09:55:55.529Z,20.0,,,,21.5
climate.eve_thermo_20ebp1701_thermostat_3,heat,2024-12-09T10:09:55.557Z,21.0,,,,21.5
climate.eve_thermo_20ebp1701_thermostat_3,heat,2024-12-09T10:28:55.563Z,22.0,,,,21.5
climate.eve_thermo_20ebp1701_thermostat_3,heat,2024-12-09T11:00:55.663Z,23.0,,,,21.5
climate.eve_thermo_20ebp1701_thermostat_3,heat,2024-12-09T11:35:55.775Z,22.0,,,,21.5
climate.eve_thermo_20ebp1701_thermostat_3,heat,2024-12-09T11:41:21.937Z,22.0,,,,17.5
climate.eve_thermo_20ebp1701_thermostat_3,heat,2024-12-09T11:52:13.320Z,22.0,,,,21.5
climate.eve_thermo_20ebp1701_thermostat_3,heat,2024-12-09T11:58:48.820Z,22.0,,,,17.5
climate.eve_thermo_20ebp1701_thermostat_3,off,2024-12-09T11:58:50.013Z,22.0,,,,17.5
climate.eve_thermo_20ebp1701_thermostat_3,off,2024-12-09T12:19:55.880Z,21.0,,,,17.5
climate.eve_thermo_20ebp1701_thermostat_3,heat,2024-12-09T12:25:36.901Z,21.0,,,,17.5
climate.eve_thermo_20ebp1701_thermostat_3,heat,2024-12-09T12:33:48.097Z,21.0,,,,21.5
climate.eve_thermo_20ebp1701_thermostat_3,heat,2024-12-09T12:33:49.301Z,20.5,,,,21.5
